author,post_count,viral_posts,avg_score,avg_comments,max_score,viral_rate_pct
EchoJobs,2132305,0,1.0,0.0,31,0.0
GrownBrilliance,1209327,0,1.0,0.0,2,0.0
AutoNewsAdmin,1040971,0,1.01,0.0,116,0.0
AutoNewspaperAdmin,946312,0,1.01,0.02,15,0.0
LifeCracker,786674,0,1.0,0.0,11,0.0
actbob1000,563883,0,1.01,0.0,159,0.0
RedditTraduction,453190,0,1.0,0.93,3,0.0
rrmdp,320203,0,1.0,0.0,391,0.0
rClipsBot,229954,0,1.0,0.0,10,0.0
sharewithme,196683,0,1.03,0.0,6,0.0
williambotter,190419,0,1.0,1.0,12,0.0
Topworldnews2day,185713,0,1.0,0.75,1,0.0
ocolly,172726,0,1.0,0.0,3,0.0
krypto-news,153022,0,1.0,0.94,5,0.0
Appzxt,149070,0,1.0,0.0,1,0.0
reddit_lss_1,149067,1,1.0,0.28,6,0.001
abjinternational,140770,0,1.23,0.01,238,0.0
FrontpageWatch2020,137349,0,1.04,0.0,114,0.0
KellyfromLeedsUK,136187,0,1.02,0.01,19,0.0
Strong_Tell499,130701,0,1.0,0.0,2,0.0
