word,tfidf_score,group
people,1215.4,viral
one,1123.7,viral
like,1078.6,viral
think,1018.5,viral
-,902.2,viral
pride,846.1,viral
get,824.9,viral
game,823.3,viral
favorite,801.7,viral
new,765.2,viral
best,733.6,viral
what's,693.5,viral
2024,685.9,viral
time,649.7,viral
trump,636.2,viral
first,628.6,viral
got,607.2,viral
never,605.9,viral
say,605.2,viral
ever,586.3,viral
-,1525.7,average
looking,1310.4,average
get,1008.6,average
like,994.3,average
new,958.5,average
anyone,895.4,average
need,819.0,average
help,808.7,average
dm,763.8,average
fuck,757.9,average
first,745.6,average
june,735.4,average
good,717.9,average
want,712.3,average
i'm,662.1,average
horny,636.3,average
love,617.5,average
think,602.0,average
