subreddit,sentiment_label,post_count
AskReddit,negative,697
AskReddit,positive,521
dalewilson,na,401
PokemonGoRaids,na,337
AutoNewspaper,negative,286
FreeKarma4You,positive,277
TheOnesYouLustOver,negative,258
DDlg18Plus,positive,252
AlldayfuckNSFW,negative,247
NaturalCurves,positive,243
NaturalCurves,negative,238
AlldayfuckNSFW,positive,238
NaughtyRealGirls,positive,237
DDlg18Plus,negative,237
NaughtyRealGirls,negative,231
HentaiAndRoleplayy,positive,231
RealCute,negative,220
webcamgirlsnsfw,positive,219
TheOnesYouLustOver,positive,218
RealCute,positive,208
AutoNewspaper,positive,205
teenagers,negative,202
webcamgirlsnsfw,negative,201
GetKarma_Here,positive,200
needkarma,positive,198
HentaiAndRoleplayy,negative,194
FreeKarma4All,positive,191
LasVegasNSFW,positive,190
teenagers,positive,188
FantasticBreasts,negative,182
relationship_advice,positive,179
FantasticBreasts,positive,177
FertileGirls,negative,175
HALFAI2,negative,174
RoleplayHentai,positive,173
OnlyFans101,negative,172
FertileGirls,positive,167
SnapchatSexting4you,positive,164
OnlyFans101,positive,160
ContentCreatorHub,positive,159
